{"cameraMode":{"drawMode":0,"name":"Shaded","section":"Shading Mode"},"sceneLighting":false,"audioPlay":false,"sceneViewState":{"showFog":false,"showMaterialUpdate":false,"showSkybox":false,"showFlares":false,"showImageEffects":false,"showParticleSystems":true},"in2DMode":false,"pivot":{"x":1.073819637298584,"y":-0.6954545974731445,"z":2.0129451751708986},"rotation":{"x":-0.030488455668091775,"y":0.9642517566680908,"z":-0.2301609069108963,"w":-0.1277303397655487},"size":8.058903694152832,"orthographic":false}